[
  {
    "canonical": "banos_de_agua_santa",
    "variants": [
      "baños de agua santa",
      "banos de agua santa",
      "baños",
      "banos",
      "banos de agua"
    ]
  },
  {
    "canonical": "san_miguel_de_los_bancos",
    "variants": [
      "san miguel de los bancos",
      "bancos",
      "Los bancos",
      "san_miguel_de_los_bancos"
    ]
  },
  {
    "canonical": "quitumbe",
    "variants": [
      "quito",
      "quito sur",
      "quitumbe",
      "sur quito",
      "sur quitumbe",
      "sur"
    ]
  },
  {
    "canonical": "carcelen",
    "variants": [
      "quito norte",
      "carcelén",
      "carcelen norte",
      "norte",
      "norte quito"
    ]
  },
  {
    "canonical": "santo_domingo_de_los_tsachilas",
    "variants": [
      "santo domingo de los tsáchilas",
      "santo domingo",
      "santo domingo de los colorados",
      "colorados"
    ]
  },
  {
    "canonical": "esmeraldas",
    "variants": [
      "ciudad de esmeraldas",
      "esmeralda"
    ]
  }
]